{"type":"Topology","arcs":[[[263,19],[-37,-19],[-35,11],[-9,9],[-41,49],[-11,24],[28,48],[113,78],[295,75],[52,3],[117,-32],[24,-60],[-21,-52],[-27,-35],[-134,-59],[-105,-28],[-209,-12]],[[613,966],[14,-40],[-67,7],[-35,39],[5,33],[39,5],[44,-44]],[[186,988],[-53,-13],[-29,29],[-21,8],[12,38],[85,75],[17,26],[79,-15],[30,-40],[-36,-61],[-84,-47]],[[1473,1195],[-10,-26],[-41,39],[41,44],[10,-57]],[[135,1293],[-11,-20],[-35,6],[-37,58],[-15,46],[-37,25],[58,40],[74,-72],[3,-83]],[[1692,1356],[-9,-83],[-58,-4],[-35,54],[-37,-26],[-19,-1],[-29,66],[-5,52],[68,39],[42,-23],[59,-12],[23,-62]],[[2247,1350],[-78,-52],[-104,70],[-25,38],[80,57],[67,65],[44,4],[16,-182]],[[337,2782],[-11,-55],[-55,36],[-15,120],[56,-35],[25,-66]],[[4035,3615],[-37,-25],[-45,25],[-5,27],[23,23],[54,14],[25,-20],[-15,-44]],[[422,3834],[-4,-112],[-45,5],[-31,11],[-13,22],[-32,103],[35,43],[68,-34],[22,-38]],[[1946,4583],[201,-378],[192,-244],[163,-177],[233,-341],[69,-182],[6,-113],[39,-155],[-33,-89],[10,-141],[-15,-72],[-28,-53],[-1,-102],[9,-54],[1,-72],[18,-29],[27,-10],[42,26],[52,11],[-9,-87],[-63,-220],[-55,-160],[-74,-140],[-94,-127],[-113,-50],[-79,-18],[-152,-6],[-126,21],[-108,-15],[-44,-27],[-32,-46],[24,-70],[-3,-52],[-46,4],[-92,30],[-102,4],[-47,15],[-48,75],[-49,-3],[-85,-44],[-131,-10],[-45,-24],[-17,-31],[19,-39],[66,-52],[-22,-52],[-68,-26],[-55,64],[-35,63],[-38,4],[-60,-18],[-12,-68],[28,-46],[46,-54],[-64,-61],[-17,-44],[-46,-31],[-125,70],[18,49],[54,48],[7,50],[-18,29],[-178,-125],[-109,-142],[-59,10],[-24,37],[-35,15],[-118,-92],[-22,-73],[-43,-2],[-19,30],[-2,66],[-20,55],[-123,81],[-56,71],[30,40],[103,-22],[81,3],[-16,33],[-26,16],[54,19],[45,39],[-38,10],[-57,-22],[-47,11],[-19,92],[-58,95],[-30,93],[57,53],[29,82],[53,119],[27,39],[73,28],[27,31],[-41,16],[-64,14],[1,34],[44,19],[49,38],[96,46],[29,87],[-28,22],[-59,21],[13,44],[25,33],[-9,21],[-70,56],[-47,52],[14,59],[-11,89],[7,75],[-4,40],[-34,92],[-15,91],[-45,-13],[-37,-23],[-130,32],[-41,2],[-16,68],[46,84],[111,73],[63,10],[48,32],[75,10],[89,-50],[81,-10],[44,-86],[28,-19],[5,32],[65,37],[16,29],[-14,15],[-75,15],[-67,108],[-9,46],[-25,30],[37,86],[-78,98],[-38,31],[6,88],[-41,56],[-22,30],[-14,53],[12,24],[35,9],[11,23],[25,16],[2,23],[0,75],[72,52],[102,108],[51,58],[57,55],[66,37],[65,17],[103,8],[196,-7],[38,6],[137,6],[32,-10],[99,-6],[110,7],[55,16],[52,27],[44,48],[46,91],[50,71],[29,13]]],"transform":{"scale":[0.0012164834104938273,0.0011830512389537364],"translate":[126.00751953125005,33.20151367187503]},"objects":{"KOR":{"type":"GeometryCollection","geometries":[{"arcs":[[[0]],[[1]],[[2]],[[3]],[[4]],[[5]],[[6]],[[7]],[[8]],[[9]],[[10]]],"type":"MultiPolygon","properties":{"scalerank":1,"featurecla":"Admin-0 country","labelrank":2,"sovereignt":"South Korea","sov_a3":"KOR","adm0_dif":0,"level":2,"type":"Sovereign country","admin":"South Korea","adm0_a3":"KOR","geou_dif":0,"geounit":"South Korea","gu_a3":"KOR","su_dif":0,"subunit":"South Korea","su_a3":"KOR","brk_diff":0,"name":"Korea","name_long":"Republic of Korea","brk_a3":"KOR","brk_name":"Republic of Korea","brk_group":null,"abbrev":"S.K.","postal":"KR","formal_en":"Republic of Korea","formal_fr":null,"note_adm0":null,"note_brk":null,"name_sort":"Korea, Rep.","name_alt":null,"mapcolor7":4,"mapcolor8":1,"mapcolor9":1,"mapcolor13":5,"pop_est":48508972,"gdp_md_est":1335000,"pop_year":-99,"lastcensus":2010,"gdp_year":-99,"economy":"4. Emerging region: MIKT","income_grp":"1. High income: OECD","wikipedia":-99,"fips_10":null,"iso_a2":"KR","iso_a3":"KOR","iso_n3":"410","un_a3":"410","wb_a2":"KR","wb_a3":"KOR","woe_id":-99,"adm0_a3_is":"KOR","adm0_a3_us":"KOR","adm0_a3_un":-99,"adm0_a3_wb":-99,"continent":"Asia","region_un":"Asia","subregion":"Eastern Asia","region_wb":"East Asia & Pacific","name_len":5,"long_len":17,"abbrev_len":4,"tiny":-99,"homepart":1,"filename":"KOR.geojson"}}]}}}