{"type":"Topology","arcs":[[[276,1151],[14,-12],[58,24],[25,-29],[45,-34],[77,-35],[110,54],[55,14],[45,-1],[25,-17],[8,-56],[-8,-69],[-13,-38],[23,-27],[91,-66],[37,-37],[-18,-64],[68,-156],[22,-61],[27,-75],[-139,29],[-249,63],[-68,33],[-65,87],[-39,42],[-57,54],[-47,20],[-35,38],[-20,55],[-30,50],[-51,59],[-117,200],[-15,21],[-24,33],[-11,18],[71,16],[118,44],[32,-21],[35,-46],[17,-38],[3,-72]],[[183,2555],[-15,-11],[-24,11],[-7,25],[2,26],[23,6],[20,-7],[5,-24],[-4,-26]],[[1281,3319],[14,-12],[32,6],[53,24],[43,-18],[54,-67],[76,-71],[41,-48],[16,-33],[39,-32],[56,-37],[45,-59],[40,-137],[41,-32],[146,-51],[51,-11],[143,-18],[50,13],[74,118],[66,121],[62,25],[112,59],[67,55],[28,60],[63,112],[39,64],[66,-56],[115,-153],[163,-249],[40,-70],[26,-81],[23,-99],[37,-88],[165,-220],[71,-81],[117,-105],[41,-24],[55,-6],[99,-1],[93,-41],[45,-29],[47,-41],[43,-49],[42,-129],[-160,43],[-161,-7],[-91,-27],[-88,-38],[-85,-54],[-53,-103],[-45,-241],[-65,-225],[2,-104],[29,-100],[-3,-48],[-30,-20],[-38,-42],[-49,-207],[-25,-41],[-32,-26],[-9,25],[2,54],[-70,48],[-37,-54],[-26,-114],[-51,-119],[-3,-23],[13,-369],[-21,1],[-147,-37],[-30,12],[-126,170],[-26,19],[-55,8],[-31,28],[-26,45],[-15,34],[-130,93],[-20,33],[-2,30],[19,27],[22,22],[63,23],[75,20],[23,14],[13,25],[-1,39],[-12,39],[-107,70],[-12,31],[-3,37],[6,39],[17,30],[87,42],[46,42],[-29,48],[-94,109],[-111,120],[-74,2],[-86,-36],[-137,-102],[-76,-44],[-99,-72],[-108,-81],[-88,-86],[-55,-70],[-98,-31],[-50,-60],[-164,-177],[-46,2],[-3,88],[2,70],[-10,40],[-53,56],[-1,23],[14,15],[41,-9],[53,3],[25,22],[-57,73],[-49,48],[-43,33],[-9,20],[0,14],[9,16],[72,40],[7,37],[-5,41],[-114,61],[-86,-23],[-77,68],[-50,53],[-62,56],[-55,31],[-52,71],[-92,73],[-59,21],[1,11],[10,13],[25,11],[164,-2],[20,13],[10,31],[22,46],[26,69],[-2,57],[-164,93],[-120,85],[-82,112],[-56,103],[2,35],[16,32],[128,95],[8,24],[-3,17],[-45,48],[-58,50],[-18,37],[-36,19],[-68,1],[-120,61],[-26,6],[-6,13],[6,12],[86,25],[-1,20],[-26,27],[-49,20],[-44,49],[-16,44],[155,128],[46,26],[102,-24],[210,-85],[-14,-47],[21,-27],[49,-36],[93,-37],[78,-19],[40,17],[60,13],[79,-42],[72,-54],[36,-21],[19,-7],[55,18],[66,69],[26,84],[8,40],[-39,55],[-79,60],[-89,53],[-57,46],[-37,92],[-36,10],[-10,12],[-6,32],[2,43],[13,34],[35,15],[37,5],[33,32],[41,63],[17,35],[78,-20],[10,-56]],[[510,2147],[26,-7],[27,16],[7,32],[-20,14],[-21,1],[-19,-16],[0,-40]]],"transform":{"scale":[0.001392451803482601,0.00102864103921209],"translate":[44.76826171875004,38.39873046874996]},"objects":{"AZE":{"type":"GeometryCollection","geometries":[{"arcs":[[[0]],[[1]],[[2],[3]]],"type":"MultiPolygon","properties":{"scalerank":1,"featurecla":"Admin-0 country","labelrank":5,"sovereignt":"Azerbaijan","sov_a3":"AZE","adm0_dif":0,"level":2,"type":"Sovereign country","admin":"Azerbaijan","adm0_a3":"AZE","geou_dif":0,"geounit":"Azerbaijan","gu_a3":"AZE","su_dif":0,"subunit":"Azerbaijan","su_a3":"AZE","brk_diff":0,"name":"Azerbaijan","name_long":"Azerbaijan","brk_a3":"AZE","brk_name":"Azerbaijan","brk_group":null,"abbrev":"Aze.","postal":"AZ","formal_en":"Republic of Azerbaijan","formal_fr":null,"note_adm0":null,"note_brk":null,"name_sort":"Azerbaijan","name_alt":null,"mapcolor7":1,"mapcolor8":6,"mapcolor9":5,"mapcolor13":8,"pop_est":8238672,"gdp_md_est":77610,"pop_year":-99,"lastcensus":2009,"gdp_year":-99,"economy":"6. Developing region","income_grp":"3. Upper middle income","wikipedia":-99,"fips_10":null,"iso_a2":"AZ","iso_a3":"AZE","iso_n3":"031","un_a3":"031","wb_a2":"AZ","wb_a3":"AZE","woe_id":-99,"adm0_a3_is":"AZE","adm0_a3_us":"AZE","adm0_a3_un":-99,"adm0_a3_wb":-99,"continent":"Asia","region_un":"Asia","subregion":"Western Asia","region_wb":"Europe & Central Asia","name_len":10,"long_len":10,"abbrev_len":4,"tiny":-99,"homepart":1,"filename":"AZE.geojson"}}]}}}